Iteration,vh,New_vh,vh_Mutations,vh_Scores,vl,New_vl,vl_Mutations,vl_Scores
1,VQLQQSGAEVKTPGASVKVSCKASGYTFTSYGVSWIRQAPGQGLEWIGWISPYNGDTYYAQKFQGRVTMTTDTSTSTAYMEMNSLRSEDTAVYYCAREPPLFYSSWSLDYWGQGTLVTV,VQLQQSGAEVKTPGASVKVSCKASGYTFTSYGVSWIRQAPGQGLEWIGWISPYNGDTYYAQKFQGRVTMTTDTSTSTAYMEMNSLRSEDTAVYYCAREPPLFYSSWSLDYWGQGTLVTV,"1<cls>:-14.560, 1<pad>:-19.450, 1<eos>:-11.612, 1<unk>:-19.525, 1L:0.129, 1A:0.712, 1G:-2.788, 1V:7.152, 1S:-1.213, 1E:0.591, 1R:-2.686, 1T:-0.919, 1I:1.901, 1D:-1.912, 1P:-5.603, 1K:-2.779, 1Q:1.770, 1N:-3.974, 1F:-0.599, 1Y:-0.017, 1M:0.738, 1H:-2.231, 1W:-1.130, 1C:-2.238, 1X:-1.797, 1B:-9.405, 1U:-9.474, 1Z:-8.438, 1O:-15.743, 1.:-15.885, 1-:-15.572, 1<null_1>:-16.404, 1<mask>:-19.623",EIVMTQSPGTLSLSPGERATLSCRASQSVSSNYLAWYQQKPGQAPRLLIYGASNRATGIPDRFSGSGSGTDFTLTISRLEPEDFAVYYCQQYDSSPLTFGQGTKVEI,EIVMTQSPGTLSLSPGERATLSCRASQSVSSNYLAWYQQKPGQAPRLLIYGASNRATGIPDRFSGSGSGTDFTLTISRLEPEDFAVYYCQQYDSSPLTFGQGTKVEI,"1<cls>:-16.225, 1<pad>:-20.301, 1<eos>:-10.959, 1<unk>:-20.272, 1L:-2.675, 1A:2.769, 1G:2.038, 1V:-0.901, 1S:1.178, 1E:6.475, 1R:-1.792, 1T:-1.029, 1I:-3.404, 1D:2.486, 1P:-1.883, 1K:-0.305, 1Q:2.670, 1N:0.750, 1F:-4.470, 1Y:-2.931, 1M:-3.323, 1H:-1.385, 1W:-4.330, 1C:-1.983, 1X:-2.222, 1B:-8.095, 1U:-9.600, 1Z:-8.376, 1O:-14.734, 1.:-16.084, 1-:-15.598, 1<null_1>:-15.526, 1<mask>:-20.643"
2,VQLVQSGAEVKKPGASVKVSCKASGYTFTSYGVSWIRQAPGQGLEWIGWISPYNGDTYYAQKFQGRVTMTRDTSTSTAYMEMNSLRSEDTAVYYCAREPPLFYSSWSLDYWGQGTLVTV,VQLVQSGAEVKKPGASVKVSCKASGYTFTSYGVSWIRQAPGQGLEWIGWISPYNGDTYYAQKFQGRVTMTRDTSTSTAYMEMNSLRSEDTAVYYCAREPPLFYSSWSLDYWGQGTLVTV,"1<cls>:-14.336, 1<pad>:-19.401, 1<eos>:-10.980, 1<unk>:-19.561, 1L:-0.010, 1A:1.210, 1G:-2.443, 1V:6.885, 1S:-1.084, 1E:1.758, 1R:-3.032, 1T:-0.956, 1I:1.520, 1D:-0.917, 1P:-5.625, 1K:-2.938, 1Q:2.550, 1N:-3.666, 1F:-1.102, 1Y:-0.626, 1M:0.011, 1H:-1.717, 1W:-0.992, 1C:-2.180, 1X:-1.967, 1B:-9.020, 1U:-9.141, 1Z:-7.826, 1O:-15.630, 1.:-15.888, 1-:-15.538, 1<null_1>:-16.285, 1<mask>:-19.578",EIVMTQSPGSLSLSPGERATLSCRASQSVSSNYLAWYQQKPGQAPRLLIYGASNRATGIPDRFSGSGSGTDFTLTISRLEPEDFAVYYCQQYDSSPLTFGQGTKVEI,EIVMTQSPGSLSLSPGERATLSCRASQSVSSNYLAWYQQKPGQAPRLLIYGASNRATGIPDRFSGSGSGTDFTLTISRLEPEDFAVYYCQQYDSSPLTFGQGTKVEI,"1<cls>:-16.250, 1<pad>:-20.267, 1<eos>:-11.062, 1<unk>:-20.246, 1L:-2.692, 1A:2.813, 1G:2.123, 1V:-0.940, 1S:1.210, 1E:6.508, 1R:-1.737, 1T:-1.077, 1I:-3.471, 1D:2.468, 1P:-1.688, 1K:-0.306, 1Q:2.660, 1N:0.672, 1F:-4.496, 1Y:-2.956, 1M:-3.516, 1H:-1.355, 1W:-4.282, 1C:-1.882, 1X:-2.174, 1B:-8.052, 1U:-9.551, 1Z:-8.356, 1O:-14.717, 1.:-16.076, 1-:-15.581, 1<null_1>:-15.511, 1<mask>:-20.610"
3,VQLVQSGAEVKKPGASVKVSCKASGYTFTSYGVSWIRQAPGQGLEWIGWISPYNGDTYYAQKFQGRVTMTRDTSTSTAYMEMNSLRSEDTAVYYCAREPPLFYSSWSLDYWGQGTLVTV,VQLVQSGAEVKKPGASVKVSCKASGYTFTSYGVSWIRQAPGQGLEWIGWISPYNGDTYYAQKFQGRVTMTRDTSTSTAYMEMNSLRSEDTAVYYCAREPPLFYSSWSLDYWGQGTLVTV,"1<cls>:-14.336, 1<pad>:-19.401, 1<eos>:-10.980, 1<unk>:-19.561, 1L:-0.010, 1A:1.210, 1G:-2.443, 1V:6.885, 1S:-1.084, 1E:1.758, 1R:-3.032, 1T:-0.956, 1I:1.520, 1D:-0.917, 1P:-5.625, 1K:-2.938, 1Q:2.550, 1N:-3.666, 1F:-1.102, 1Y:-0.626, 1M:0.011, 1H:-1.717, 1W:-0.992, 1C:-2.180, 1X:-1.967, 1B:-9.020, 1U:-9.141, 1Z:-7.826, 1O:-15.630, 1.:-15.888, 1-:-15.538, 1<null_1>:-16.285, 1<mask>:-19.578",EIVMTQSPGSLSLSPGERATLSCRASQSVSSNYLAWYQQKPGQAPRLLIYGASNRATGIPDRFSGSGSGTDFTLTISRLEPEDFAVYYCQQYDSSPLTFGQGTKVEI,EIVMTQSPGSLSLSPGERATLSCRASQSVSSNYLAWYQQKPGQAPRLLIYGASNRATGIPDRFSGSGSGTDFTLTISRLEPEDFAVYYCQQYDSSPLTFGQGTKVEI,"1<cls>:-16.250, 1<pad>:-20.267, 1<eos>:-11.062, 1<unk>:-20.246, 1L:-2.692, 1A:2.813, 1G:2.123, 1V:-0.940, 1S:1.210, 1E:6.508, 1R:-1.737, 1T:-1.077, 1I:-3.471, 1D:2.468, 1P:-1.688, 1K:-0.306, 1Q:2.660, 1N:0.672, 1F:-4.496, 1Y:-2.956, 1M:-3.516, 1H:-1.355, 1W:-4.282, 1C:-1.882, 1X:-2.174, 1B:-8.052, 1U:-9.551, 1Z:-8.356, 1O:-14.717, 1.:-16.076, 1-:-15.581, 1<null_1>:-15.511, 1<mask>:-20.610"
4,VQLVQSGAEVKKPGASVKVSCKASGYTFTSYGVSWIRQAPGQGLEWIGWISPYNGDTYYAQKFQGRVTMTRDTSTSTAYMEMNSLRSEDTAVYYCAREPPLFYSSWSLDYWGQGTLVTV,VQLVQSGAEVKKPGASVKVSCKASGYTFTSYGVSWIRQAPGQGLEWIGWISPYNGDTYYAQKFQGRVTMTRDTSTSTAYMEMNSLRSEDTAVYYCAREPPLFYSSWSLDYWGQGTLVTV,"1<cls>:-14.336, 1<pad>:-19.401, 1<eos>:-10.980, 1<unk>:-19.561, 1L:-0.010, 1A:1.210, 1G:-2.443, 1V:6.885, 1S:-1.084, 1E:1.758, 1R:-3.032, 1T:-0.956, 1I:1.520, 1D:-0.917, 1P:-5.625, 1K:-2.938, 1Q:2.550, 1N:-3.666, 1F:-1.102, 1Y:-0.626, 1M:0.011, 1H:-1.717, 1W:-0.992, 1C:-2.180, 1X:-1.967, 1B:-9.020, 1U:-9.141, 1Z:-7.826, 1O:-15.630, 1.:-15.888, 1-:-15.538, 1<null_1>:-16.285, 1<mask>:-19.578",EIVMTQSPGSLSLSPGERATLSCRASQSVSSNYLAWYQQKPGQAPRLLIYGASNRATGIPDRFSGSGSGTDFTLTISRLEPEDFAVYYCQQYDSSPLTFGQGTKVEI,EIVMTQSPGSLSLSPGERATLSCRASQSVSSNYLAWYQQKPGQAPRLLIYGASNRATGIPDRFSGSGSGTDFTLTISRLEPEDFAVYYCQQYDSSPLTFGQGTKVEI,"1<cls>:-16.250, 1<pad>:-20.267, 1<eos>:-11.062, 1<unk>:-20.246, 1L:-2.692, 1A:2.813, 1G:2.123, 1V:-0.940, 1S:1.210, 1E:6.508, 1R:-1.737, 1T:-1.077, 1I:-3.471, 1D:2.468, 1P:-1.688, 1K:-0.306, 1Q:2.660, 1N:0.672, 1F:-4.496, 1Y:-2.956, 1M:-3.516, 1H:-1.355, 1W:-4.282, 1C:-1.882, 1X:-2.174, 1B:-8.052, 1U:-9.551, 1Z:-8.356, 1O:-14.717, 1.:-16.076, 1-:-15.581, 1<null_1>:-15.511, 1<mask>:-20.610"
5,VQLVQSGAEVKKPGASVKVSCKASGYTFTSYGVSWIRQAPGQGLEWIGWISPYNGDTYYAQKFQGRVTMTRDTSTSTAYMEMNSLRSEDTAVYYCAREPPLFYSSWSLDYWGQGTLVTV,VQLVQSGAEVKKPGASVKVSCKASGYTFTSYGVSWIRQAPGQGLEWIGWISPYNGDTYYAQKFQGRVTMTRDTSTSTAYMEMNSLRSEDTAVYYCAREPPLFYSSWSLDYWGQGTLVTV,"1<cls>:-14.336, 1<pad>:-19.401, 1<eos>:-10.980, 1<unk>:-19.561, 1L:-0.010, 1A:1.210, 1G:-2.443, 1V:6.885, 1S:-1.084, 1E:1.758, 1R:-3.032, 1T:-0.956, 1I:1.520, 1D:-0.917, 1P:-5.625, 1K:-2.938, 1Q:2.550, 1N:-3.666, 1F:-1.102, 1Y:-0.626, 1M:0.011, 1H:-1.717, 1W:-0.992, 1C:-2.180, 1X:-1.967, 1B:-9.020, 1U:-9.141, 1Z:-7.826, 1O:-15.630, 1.:-15.888, 1-:-15.538, 1<null_1>:-16.285, 1<mask>:-19.578",EIVMTQSPGSLSLSPGERATLSCRASQSVSSNYLAWYQQKPGQAPRLLIYGASNRATGIPDRFSGSGSGTDFTLTISRLEPEDFAVYYCQQYDSSPLTFGQGTKVEI,EIVMTQSPGSLSLSPGERATLSCRASQSVSSNYLAWYQQKPGQAPRLLIYGASNRATGIPDRFSGSGSGTDFTLTISRLEPEDFAVYYCQQYDSSPLTFGQGTKVEI,"1<cls>:-16.250, 1<pad>:-20.267, 1<eos>:-11.062, 1<unk>:-20.246, 1L:-2.692, 1A:2.813, 1G:2.123, 1V:-0.940, 1S:1.210, 1E:6.508, 1R:-1.737, 1T:-1.077, 1I:-3.471, 1D:2.468, 1P:-1.688, 1K:-0.306, 1Q:2.660, 1N:0.672, 1F:-4.496, 1Y:-2.956, 1M:-3.516, 1H:-1.355, 1W:-4.282, 1C:-1.882, 1X:-2.174, 1B:-8.052, 1U:-9.551, 1Z:-8.356, 1O:-14.717, 1.:-16.076, 1-:-15.581, 1<null_1>:-15.511, 1<mask>:-20.610"
6,VQLVQSGAEVKKPGASVKVSCKASGYTFTSYGVSWIRQAPGQGLEWIGWISPYNGDTYYAQKFQGRVTMTRDTSTSTAYMEMNSLRSEDTAVYYCAREPPLFYSSWSLDYWGQGTLVTV,VQLVQSGAEVKKPGASVKVSCKASGYTFTSYGVSWIRQAPGQGLEWIGWISPYNGDTYYAQKFQGRVTMTRDTSTSTAYMEMNSLRSEDTAVYYCAREPPLFYSSWSLDYWGQGTLVTV,"1<cls>:-14.336, 1<pad>:-19.401, 1<eos>:-10.980, 1<unk>:-19.561, 1L:-0.010, 1A:1.210, 1G:-2.443, 1V:6.885, 1S:-1.084, 1E:1.758, 1R:-3.032, 1T:-0.956, 1I:1.520, 1D:-0.917, 1P:-5.625, 1K:-2.938, 1Q:2.550, 1N:-3.666, 1F:-1.102, 1Y:-0.626, 1M:0.011, 1H:-1.717, 1W:-0.992, 1C:-2.180, 1X:-1.967, 1B:-9.020, 1U:-9.141, 1Z:-7.826, 1O:-15.630, 1.:-15.888, 1-:-15.538, 1<null_1>:-16.285, 1<mask>:-19.578",EIVMTQSPGSLSLSPGERATLSCRASQSVSSNYLAWYQQKPGQAPRLLIYGASNRATGIPDRFSGSGSGTDFTLTISRLEPEDFAVYYCQQYDSSPLTFGQGTKVEI,EIVMTQSPGSLSLSPGERATLSCRASQSVSSNYLAWYQQKPGQAPRLLIYGASNRATGIPDRFSGSGSGTDFTLTISRLEPEDFAVYYCQQYDSSPLTFGQGTKVEI,"1<cls>:-16.250, 1<pad>:-20.267, 1<eos>:-11.062, 1<unk>:-20.246, 1L:-2.692, 1A:2.813, 1G:2.123, 1V:-0.940, 1S:1.210, 1E:6.508, 1R:-1.737, 1T:-1.077, 1I:-3.471, 1D:2.468, 1P:-1.688, 1K:-0.306, 1Q:2.660, 1N:0.672, 1F:-4.496, 1Y:-2.956, 1M:-3.516, 1H:-1.355, 1W:-4.282, 1C:-1.882, 1X:-2.174, 1B:-8.052, 1U:-9.551, 1Z:-8.356, 1O:-14.717, 1.:-16.076, 1-:-15.581, 1<null_1>:-15.511, 1<mask>:-20.610"
7,VQLVQSGAEVKKPGASVKVSCKASGYTFTSYGVSWIRQAPGQGLEWIGWISPYNGDTYYAQKFQGRVTMTRDTSTSTAYMEMNSLRSEDTAVYYCAREPPLFYSSWSLDYWGQGTLVTV,VQLVQSGAEVKKPGASVKVSCKASGYTFTSYGVSWIRQAPGQGLEWIGWISPYNGDTYYAQKFQGRVTMTRDTSTSTAYMEMNSLRSEDTAVYYCAREPPLFYSSWSLDYWGQGTLVTV,"1<cls>:-14.336, 1<pad>:-19.401, 1<eos>:-10.980, 1<unk>:-19.561, 1L:-0.010, 1A:1.210, 1G:-2.443, 1V:6.885, 1S:-1.084, 1E:1.758, 1R:-3.032, 1T:-0.956, 1I:1.520, 1D:-0.917, 1P:-5.625, 1K:-2.938, 1Q:2.550, 1N:-3.666, 1F:-1.102, 1Y:-0.626, 1M:0.011, 1H:-1.717, 1W:-0.992, 1C:-2.180, 1X:-1.967, 1B:-9.020, 1U:-9.141, 1Z:-7.826, 1O:-15.630, 1.:-15.888, 1-:-15.538, 1<null_1>:-16.285, 1<mask>:-19.578",EIVMTQSPGSLSLSPGERATLSCRASQSVSSNYLAWYQQKPGQAPRLLIYGASNRATGIPDRFSGSGSGTDFTLTISRLEPEDFAVYYCQQYDSSPLTFGQGTKVEI,EIVMTQSPGSLSLSPGERATLSCRASQSVSSNYLAWYQQKPGQAPRLLIYGASNRATGIPDRFSGSGSGTDFTLTISRLEPEDFAVYYCQQYDSSPLTFGQGTKVEI,"1<cls>:-16.250, 1<pad>:-20.267, 1<eos>:-11.062, 1<unk>:-20.246, 1L:-2.692, 1A:2.813, 1G:2.123, 1V:-0.940, 1S:1.210, 1E:6.508, 1R:-1.737, 1T:-1.077, 1I:-3.471, 1D:2.468, 1P:-1.688, 1K:-0.306, 1Q:2.660, 1N:0.672, 1F:-4.496, 1Y:-2.956, 1M:-3.516, 1H:-1.355, 1W:-4.282, 1C:-1.882, 1X:-2.174, 1B:-8.052, 1U:-9.551, 1Z:-8.356, 1O:-14.717, 1.:-16.076, 1-:-15.581, 1<null_1>:-15.511, 1<mask>:-20.610"
8,VQLVQSGAEVKKPGASVKVSCKASGYTFTSYGVSWIRQAPGQGLEWIGWISPYNGDTYYAQKFQGRVTMTRDTSTSTAYMEMNSLRSEDTAVYYCAREPPLFYSSWSLDYWGQGTLVTV,VQLVQSGAEVKKPGASVKVSCKASGYTFTSYGVSWIRQAPGQGLEWIGWISPYNGDTYYAQKFQGRVTMTRDTSTSTAYMEMNSLRSEDTAVYYCAREPPLFYSSWSLDYWGQGTLVTV,"1<cls>:-14.336, 1<pad>:-19.401, 1<eos>:-10.980, 1<unk>:-19.561, 1L:-0.010, 1A:1.210, 1G:-2.443, 1V:6.885, 1S:-1.084, 1E:1.758, 1R:-3.032, 1T:-0.956, 1I:1.520, 1D:-0.917, 1P:-5.625, 1K:-2.938, 1Q:2.550, 1N:-3.666, 1F:-1.102, 1Y:-0.626, 1M:0.011, 1H:-1.717, 1W:-0.992, 1C:-2.180, 1X:-1.967, 1B:-9.020, 1U:-9.141, 1Z:-7.826, 1O:-15.630, 1.:-15.888, 1-:-15.538, 1<null_1>:-16.285, 1<mask>:-19.578",EIVMTQSPGSLSLSPGERATLSCRASQSVSSNYLAWYQQKPGQAPRLLIYGASNRATGIPDRFSGSGSGTDFTLTISRLEPEDFAVYYCQQYDSSPLTFGQGTKVEI,EIVMTQSPGSLSLSPGERATLSCRASQSVSSNYLAWYQQKPGQAPRLLIYGASNRATGIPDRFSGSGSGTDFTLTISRLEPEDFAVYYCQQYDSSPLTFGQGTKVEI,"1<cls>:-16.250, 1<pad>:-20.267, 1<eos>:-11.062, 1<unk>:-20.246, 1L:-2.692, 1A:2.813, 1G:2.123, 1V:-0.940, 1S:1.210, 1E:6.508, 1R:-1.737, 1T:-1.077, 1I:-3.471, 1D:2.468, 1P:-1.688, 1K:-0.306, 1Q:2.660, 1N:0.672, 1F:-4.496, 1Y:-2.956, 1M:-3.516, 1H:-1.355, 1W:-4.282, 1C:-1.882, 1X:-2.174, 1B:-8.052, 1U:-9.551, 1Z:-8.356, 1O:-14.717, 1.:-16.076, 1-:-15.581, 1<null_1>:-15.511, 1<mask>:-20.610"
9,VQLVQSGAEVKKPGASVKVSCKASGYTFTSYGVSWIRQAPGQGLEWIGWISPYNGDTYYAQKFQGRVTMTRDTSTSTAYMEMNSLRSEDTAVYYCAREPPLFYSSWSLDYWGQGTLVTV,VQLVQSGAEVKKPGASVKVSCKASGYTFTSYGVSWIRQAPGQGLEWIGWISPYNGDTYYAQKFQGRVTMTRDTSTSTAYMEMNSLRSEDTAVYYCAREPPLFYSSWSLDYWGQGTLVTV,"1<cls>:-14.336, 1<pad>:-19.401, 1<eos>:-10.980, 1<unk>:-19.561, 1L:-0.010, 1A:1.210, 1G:-2.443, 1V:6.885, 1S:-1.084, 1E:1.758, 1R:-3.032, 1T:-0.956, 1I:1.520, 1D:-0.917, 1P:-5.625, 1K:-2.938, 1Q:2.550, 1N:-3.666, 1F:-1.102, 1Y:-0.626, 1M:0.011, 1H:-1.717, 1W:-0.992, 1C:-2.180, 1X:-1.967, 1B:-9.020, 1U:-9.141, 1Z:-7.826, 1O:-15.630, 1.:-15.888, 1-:-15.538, 1<null_1>:-16.285, 1<mask>:-19.578",EIVMTQSPGSLSLSPGERATLSCRASQSVSSNYLAWYQQKPGQAPRLLIYGASNRATGIPDRFSGSGSGTDFTLTISRLEPEDFAVYYCQQYDSSPLTFGQGTKVEI,EIVMTQSPGSLSLSPGERATLSCRASQSVSSNYLAWYQQKPGQAPRLLIYGASNRATGIPDRFSGSGSGTDFTLTISRLEPEDFAVYYCQQYDSSPLTFGQGTKVEI,"1<cls>:-16.250, 1<pad>:-20.267, 1<eos>:-11.062, 1<unk>:-20.246, 1L:-2.692, 1A:2.813, 1G:2.123, 1V:-0.940, 1S:1.210, 1E:6.508, 1R:-1.737, 1T:-1.077, 1I:-3.471, 1D:2.468, 1P:-1.688, 1K:-0.306, 1Q:2.660, 1N:0.672, 1F:-4.496, 1Y:-2.956, 1M:-3.516, 1H:-1.355, 1W:-4.282, 1C:-1.882, 1X:-2.174, 1B:-8.052, 1U:-9.551, 1Z:-8.356, 1O:-14.717, 1.:-16.076, 1-:-15.581, 1<null_1>:-15.511, 1<mask>:-20.610"
10,VQLVQSGAEVKKPGASVKVSCKASGYTFTSYGVSWIRQAPGQGLEWIGWISPYNGDTYYAQKFQGRVTMTRDTSTSTAYMEMNSLRSEDTAVYYCAREPPLFYSSWSLDYWGQGTLVTV,VQLVQSGAEVKKPGASVKVSCKASGYTFTSYGVSWIRQAPGQGLEWIGWISPYNGDTYYAQKFQGRVTMTRDTSTSTAYMEMNSLRSEDTAVYYCAREPPLFYSSWSLDYWGQGTLVTV,"1<cls>:-14.336, 1<pad>:-19.401, 1<eos>:-10.980, 1<unk>:-19.561, 1L:-0.010, 1A:1.210, 1G:-2.443, 1V:6.885, 1S:-1.084, 1E:1.758, 1R:-3.032, 1T:-0.956, 1I:1.520, 1D:-0.917, 1P:-5.625, 1K:-2.938, 1Q:2.550, 1N:-3.666, 1F:-1.102, 1Y:-0.626, 1M:0.011, 1H:-1.717, 1W:-0.992, 1C:-2.180, 1X:-1.967, 1B:-9.020, 1U:-9.141, 1Z:-7.826, 1O:-15.630, 1.:-15.888, 1-:-15.538, 1<null_1>:-16.285, 1<mask>:-19.578",EIVMTQSPGSLSLSPGERATLSCRASQSVSSNYLAWYQQKPGQAPRLLIYGASNRATGIPDRFSGSGSGTDFTLTISRLEPEDFAVYYCQQYDSSPLTFGQGTKVEI,EIVMTQSPGSLSLSPGERATLSCRASQSVSSNYLAWYQQKPGQAPRLLIYGASNRATGIPDRFSGSGSGTDFTLTISRLEPEDFAVYYCQQYDSSPLTFGQGTKVEI,"1<cls>:-16.250, 1<pad>:-20.267, 1<eos>:-11.062, 1<unk>:-20.246, 1L:-2.692, 1A:2.813, 1G:2.123, 1V:-0.940, 1S:1.210, 1E:6.508, 1R:-1.737, 1T:-1.077, 1I:-3.471, 1D:2.468, 1P:-1.688, 1K:-0.306, 1Q:2.660, 1N:0.672, 1F:-4.496, 1Y:-2.956, 1M:-3.516, 1H:-1.355, 1W:-4.282, 1C:-1.882, 1X:-2.174, 1B:-8.052, 1U:-9.551, 1Z:-8.356, 1O:-14.717, 1.:-16.076, 1-:-15.581, 1<null_1>:-15.511, 1<mask>:-20.610"
